Residue, Score
115,0.86409
121,0.85478
53,0.8533
145,0.84402
119,0.8278
54,0.82003
122,0.79633
56,0.79196
125,0.79169
118,0.76728
51,0.76637
22,0.76395
123,0.76265
144,0.75632
94,0.75277
66,0.74975
55,0.74709
88,0.74524
116,0.74165
43,0.73842
23,0.73395
92,0.72834
137,0.72202
126,0.71771
120,0.71711
58,0.71419
60,0.70335
146,0.70027
13,0.69615
98,0.68482
113,0.68217
95,0.67977
91,0.67786
74,0.67425
76,0.67264
135,0.67217
64,0.66501
12,0.66167
14,0.653
117,0.65172
132,0.65083
124,0.64571
11,0.64445
69,0.64306
143,0.63744
42,0.63695
17,0.6291
141,0.62204
157,0.61136
16,0.61083
27,0.61049
28,0.61044
67,0.60835
96,0.60773
147,0.60711
109,0.60703
68,0.60617
106,0.60546
93,0.60186
153,0.59737
139,0.59325
152,0.58984
136,0.58605
15,0.58296
131,0.58248
150,0.58162
102,0.57975
108,0.57723
52,0.57004
114,0.56685
110,0.56301
151,0.56058
103,0.55909
83,0.55894
112,0.55469
36,0.55253
72,0.54805
86,0.5413
44,0.53307
59,0.5247
79,0.52468
47,0.52133
101,0.52131
133,0.52076
134,0.51933
142,0.5178
37,0.51271
50,0.51262
148,0.50836
156,0.50669
57,0.50569
39,0.50354
34,0.50136
158,0.49547
18,0.49454
26,0.49371
45,0.49295
159,0.49234
46,0.48067
71,0.47792
48,0.47338
160,0.47303
97,0.46262
128,0.46109
105,0.45523
20,0.4538
85,0.44988
127,0.44679
99,0.44441
104,0.44389
70,0.43826
61,0.43557
38,0.43202
129,0.43001
100,0.42485
62,0.41943
89,0.41447
84,0.39725
30,0.39581
19,0.39501
49,0.39327
130,0.39068
31,0.38978
35,0.38866
73,0.3852
33,0.37508
149,0.37124
138,0.36185
77,0.36071
90,0.35398
155,0.34051
21,0.3404
111,0.33518
87,0.32947
80,0.32605
82,0.32523
25,0.32506
63,0.31957
32,0.31894
140,0.3175
29,0.31427
75,0.30456
81,0.30418
24,0.30355
78,0.30058
154,0.29847
65,0.28116
107,0.27979
