Residue, Score
23,0.80344
74,0.79458
83,0.78922
47,0.78409
62,0.77702
30,0.75699
20,0.75227
86,0.7421
104,0.74109
27,0.73906
109,0.73223
132,0.72718
68,0.72706
66,0.72681
158,0.72389
33,0.71362
101,0.71216
38,0.70823
15,0.70781
64,0.70604
110,0.70591
60,0.70492
98,0.69955
28,0.69128
49,0.68875
25,0.6848
77,0.67855
103,0.677
31,0.67651
22,0.67495
79,0.67273
88,0.67141
128,0.65682
151,0.63825
51,0.63724
89,0.63658
46,0.63143
106,0.62749
100,0.62554
148,0.62191
69,0.61929
14,0.61613
95,0.61536
141,0.61524
144,0.61462
12,0.61346
155,0.61249
149,0.61176
157,0.6112
129,0.60971
113,0.60956
26,0.60899
50,0.60888
71,0.60781
76,0.60404
37,0.60368
99,0.60321
153,0.60282
72,0.60068
36,0.59835
34,0.59781
112,0.59396
137,0.58244
11,0.58148
48,0.58039
138,0.57661
102,0.57196
93,0.5716
13,0.56767
134,0.56452
131,0.557
84,0.55672
52,0.55367
117,0.55355
108,0.55353
127,0.5534
45,0.54595
97,0.54588
124,0.5443
150,0.53087
43,0.52898
105,0.52711
147,0.52402
125,0.52355
133,0.52152
120,0.51704
73,0.50864
42,0.50145
139,0.49974
114,0.49277
91,0.49242
126,0.49156
39,0.49089
96,0.49036
159,0.48917
55,0.48566
136,0.47971
116,0.47947
56,0.47891
135,0.47561
146,0.46931
90,0.46827
59,0.46122
44,0.4559
16,0.45553
58,0.44966
156,0.43859
152,0.43856
119,0.42963
67,0.42797
57,0.42461
92,0.4241
85,0.42259
18,0.42229
17,0.42206
70,0.41684
145,0.41655
54,0.41499
35,0.38876
122,0.38735
121,0.3778
94,0.37638
143,0.37209
123,0.36821
160,0.36633
115,0.36298
80,0.35963
53,0.35134
118,0.3342
87,0.27894
142,0.20543
111,0.1896
130,0.1772
21,0.17584
107,0.16623
81,0.16101
32,0.15575
19,0.15519
154,0.14345
82,0.14246
61,0.13902
63,0.13154
75,0.12739
140,0.12634
65,0.12435
78,0.12267
29,0.12228
24,0.093171
